{
    "packages": [
        {
            "name": "phpmailer/phpmailer",
            "version": "v6.2.0",
            "version_normalized": "6.2.0.0",
            "source": {
                "type": "git",
                "url": "https://github.com/PHPMailer/PHPMailer.git",
                "reference": "e38888a75c070304ca5514197d4847a59a5c853f"
            },
            "dist": {
                "type": "zip",
                "url": "https://api.github.com/repos/PHPMailer/PHPMailer/zipball/e38888a75c070304ca5514197d4847a59a5c853f",
                "reference": "e38888a75c070304ca5514197d4847a59a5c853f",
                "shasum": ""
            },
            "require": {
                "ext-ctype": "*",
                "ext-filter": "*",
                "ext-hash": "*",
                "php": ">=5.5.0"
            },
            "require-dev": {
                "dealerdirect/phpcodesniffer-composer-installer": "^0.7.0",
                "doctrine/annotations": "^1.2",
                "phpcompatibility/php-compatibility": "^9.3.5",
                "roave/security-advisories": "dev-latest",
                "squizlabs/php_codesniffer": "^3.5.6",
                "yoast/phpunit-polyfills": "^0.2.0"
            },
            "suggest": {
                "ext-mbstring": "Needed to send email in multibyte encoding charset",
                "hayageek/oauth2-yahoo": "Needed for Yahoo XOAUTH2 authentication",
                "league/oauth2-google": "Needed for Google XOAUTH2 authentication",
                "psr/log": "For optional PSR-3 debug logging",
                "stevenmaguire/oauth2-microsoft": "Needed for Microsoft XOAUTH2 authentication",
                "symfony/polyfill-mbstring": "To support UTF-8 if the Mbstring PHP extension is not enabled (^1.2)"
            },
            "time": "2020-11-25T15:24:57+00:00",
            "type": "library",
            "installation-source": "dist",
            "autoload": {
                "psr-4": {
                    "PHPMailer\\PHPMailer\\": "src/"
                }
            },
            "notification-url": "https://packagist.org/downloads/",
            "license": [
                "LGPL-2.1-only"
            ],
            "authors": [
                {
                    "name": "Marcus Bointon",
                    "email": "phpmailer@synchromedia.co.uk"
                },
                {
                    "name": "Jim Jagielski",
                    "email": "jimjag@gmail.com"
                },
                {
                    "name": "Andy Prevost",
                    "email": "codeworxtech@users.sourceforge.net"
                },
                {
                    "name": "Brent R. Matzelle"
                }
            ],
            "description": "PHPMailer is a full-featured email creation and transfer class for PHP",
            "support": {
                "issues": "https://github.com/PHPMailer/PHPMailer/issues",
                "source": "https://github.com/PHPMailer/PHPMailer/tree/v6.2.0"
            },
            "funding": [
                {
                    "url": "https://github.com/Synchro",
                    "type": "github"
                }
            ],
            "install-path": "../phpmailer/phpmailer"
        },
        {
            "name": "stripe/stripe-php",
            "version": "v7.69.0",
            "version_normalized": "7.69.0.0",
            "source": {
                "type": "git",
                "url": "https://github.com/stripe/stripe-php.git",
                "reference": "6716cbc4ebf8cba7d45374a059c7c6e5bf53277d"
            },
            "dist": {
                "type": "zip",
                "url": "https://api.github.com/repos/stripe/stripe-php/zipball/6716cbc4ebf8cba7d45374a059c7c6e5bf53277d",
                "reference": "6716cbc4ebf8cba7d45374a059c7c6e5bf53277d",
                "shasum": ""
            },
            "require": {
                "ext-curl": "*",
                "ext-json": "*",
                "ext-mbstring": "*",
                "php": ">=5.6.0"
            },
            "require-dev": {
                "friendsofphp/php-cs-fixer": "2.17.1",
                "php-coveralls/php-coveralls": "^2.1",
                "phpunit/phpunit": "^5.7",
                "squizlabs/php_codesniffer": "^3.3",
                "symfony/process": "~3.4"
            },
            "time": "2021-01-22T03:21:13+00:00",
            "type": "library",
            "extra": {
                "branch-alias": {
                    "dev-master": "2.0-dev"
                }
            },
            "installation-source": "dist",
            "autoload": {
                "psr-4": {
                    "Stripe\\": "lib/"
                }
            },
            "notification-url": "https://packagist.org/downloads/",
            "license": [
                "MIT"
            ],
            "authors": [
                {
                    "name": "Stripe and contributors",
                    "homepage": "https://github.com/stripe/stripe-php/contributors"
                }
            ],
            "description": "Stripe PHP Library",
            "homepage": "https://stripe.com/",
            "keywords": [
                "api",
                "payment processing",
                "stripe"
            ],
            "support": {
                "issues": "https://github.com/stripe/stripe-php/issues",
                "source": "https://github.com/stripe/stripe-php/tree/v7.69.0"
            },
            "install-path": "../stripe/stripe-php"
        }
    ],
    "dev": true,
    "dev-package-names": []
}
